Workbook

Sheet Инструкция
B1: ОЦЕНКА 360° РУКОВОДИТЕЛЕЙ ПРОЕКТОВ РЦК — ИНСТРУКЦИЯ ПО ПРОВЕДЕНИЮ
B3: Что такое оценка 360°. Руководитель проекта оценивается по ряду компетенций несколькими группами: его непосредственный руководитель, коллеги, подчинённые, внутренние клиенты (предприятия-участники, ФЦК, смежные подразделения), плюс самооценка. Это даёт картину «со всех сторон» и показывает слепые зоны — где человек оценивает себя выше, чем его видят окружающие.
B5: ШКАЛА ОЦЕНИВАНИЯ (для всех компетенций):
B6: 1 — Не соответствует: поведение не наблюдается, компетенция не проявляется
B7: 2 — Частично соответствует: проявления единичные, нестабильные
B8: 3 — Соответствует: устойчивое поведение, соответствует требованиям
B9: 4 — Высокий уровень: устойчиво превышает требования, пример для коллег
B10: 5 — Выдающийся: лучший в организации, менторит и обучает других
B12: ШАГИ ПРОВЕДЕНИЯ:
B13: 1. Подготовьте список опрашиваемых для каждого из 7 руководителей. Рекомендуемый состав: 1 непосредственный руководитель; 3–5 коллег (соседние руководители проектов); 3–5 подчинённых; 1–2 внутренних клиента (предприятия-участники, куратор/ФЦК). Самооценку руководитель заполняет сам. Всего на человека — 8–15 респондентов.
B14: 2. Проведите короткий инструктаж респондентов: цель оценки — развитие (не депремирование), шкала 1–5, конфиденциальность (результаты отдельных людей никому не показываются), срок — 2–3 недели.
B15: 3. Сбор оценок. Либо каждый респондент заполняет в листе «Оценки» только СВОЙ столбец в блоке того руководителя, которого он оценивает (файл по очереди передаётся), либо оценки собираются онлайн-формой, а вы вносите их в лист «Оценки». Целые числа от 1 до 5 (есть проверка ввода).
... B28: • Формат плана развития и шкала уровней (0–3, шаг 0,5) — приложение № 6 МР-02-2025 «Организация работы региональных центров компетенций в сфере производительности труда в субъектах РФ», ред. 1, утв. ФЦК 28.01.2025. Пункт 10.4 МР: матрица компетенций и планы развития сотрудников размещаются в инфоцентре РЦК.

Sheet Компетенции
A1: Модель профессиональных компетенций руководителя проекта РЦК (приложение № 3 МР, 37 компетенций)
A2: Наименования — точно по приложению № 3 МР-02-2025 (ред. 1). Цвет — группы «Действий». При изменении списка сохраняйте порядок строк на листах «Оценки» и «Сводка».
A3: № | B3: Ссылка на МР | C3: Группа («Действие») приложения № 3 | D3: Компетенция (действие / навык)
A4: 1 | B4: 1.1 | C4: Проведение отбора предприятий для участия в федеральном и региональном проектах, проведение выбора потока | D4: Проведение оценки на соответствие предприятия обязательным критериям
A5: 2 | B5: 1.2 | C5: Проведение отбора предприятий для участия в федеральном и региональном проектах, проведение выбора потока | D5: Проведение оценки готовности руководства предприятия к участию в проекте (интервью)
A6: 3 | B6: 1.3 | C6: Проведение отбора предприятий для участия в федеральном и региональном проектах, проведение выбора потока | D6: Проведение визуальной оценки производственного процесса на предприятии (визит на площадку)
A7: 4 | B7: 1.4 | C7: Проведение отбора предприятий для участия в федеральном и региональном проектах, проведение выбора потока | D7: Вовлечение руководства предприятий в федеральный проект
A8: 5 | B8: 1.5 | C8: Проведение отбора предприятий для участия в федеральном и региональном проектах, проведение выбора потока | D8: Подписание соглашения о сотрудничестве между РЦК и предприятием
A9: 6 | B9: 2.1 | C9: Реализация мероприятий по развертыванию программы повышения производительности труда на предприятии согласно стандартной последовательности и срокам исполнения проекта | D9: Реализация организационных вех программы
A10: 7 | B10: 2.1 | C10: Реализация мероприятий по развертыванию программы повышения производительности труда на предприятии согласно стандартной последовательности и срокам исполнения проекта | D10: Формирование проектного офиса
A11: 8 | B11: 2.2 | C11: Реализация мероприятий по развертыванию программы повышения производительности труда на предприятии согласно стандартной последовательности и срокам исполнения проекта | D11: Определение перечня вовлеченных лиц и рамок проекта; создание рабочей группы для работы с пилотным потоком
A12: 9 | B12: 2.2 | C12: Реализация мероприятий по развертыванию программы повышения производительности труда на предприятии согласно стандартной последовательности и срокам исполнения проекта | D12: Выявление степени готовности предприятия к изменениям
A13: 10 | B13: 2.2 | C13: Реализация мероприятий по развертыванию программы повышения производительности труда на предприятии согласно стандартной последовательности и срокам исполнения проекта | D13: Составление плана ключевых событий
A14: 11 | B14: 2.2 | C14: Реализация мероприятий по развертыванию программы повышения производительности труда на предприятии согласно стандартной последовательности и срокам исполнения проекта | D14: Разработка и корректировка плана мероприятий (основные этапы, сроки, ответственные) по достижению целевого состояния
A15: 12 | B15: 2.2 | C15: Реализация мероприятий по развертыванию программы повышения производительности труда на предприятии согласно стандартной последовательности и срокам исполнения проекта | D15: Проведение анализа показателей проектов повышения производительности труда
... A40: 37 | B40: 4.5 | C40: Поддержка рабочих групп / проектных офисов на предприятиях-участниках | D40: Ведение мониторинга проектов в подсистеме «Совместная работа» на ИТ-платформе

Sheet Оценки
A1: СЫРЫЕ ОЦЕНКИ (целые числа 1–5). Каждый респондент заполняет ТОЛЬКО свой столбец и ТОЛЬКО блок руководителя, которого он оценивает. Столбцы «Коллега N / Подчинённый N» — конкретные люди, имена фиксирует организатор отдельно (не в таблице!). Лист видит только организатор.
A2: № | B2: Компетенция (приложение № 3 МР) | C2: Руководитель | D2: Коллега 1 | E2: Коллега 2 | F2: Коллега 3 | G2: Подчинённый 1 | H2: Подчинённый 2 | I2: Подчинённый 3 | J2: Клиент 1 | K2: Сам (сама)
A3: РП-1 — Смирнов А. П. (ПРИМЕР — замените данные)
A4: 1 | B4: Проведение оценки на соответствие предприятия обязательным критериям | C4: 4 | D4: 4 | E4: 3 | F4: 3 | G4: 4 | H4: 3 | I4: 3 | J4: 4 | K4: 5
A5: 2 | B5: Проведение оценки готовности руководства предприятия к участию в проекте (интервью) | C5: 3 | D5: 3 | E5: 3 | F5: 4 | G5: 3 | H5: 4 | I5: 3 | J5: 3 | K5: 3
A6: 3 | B6: Проведение визуальной оценки производственного процесса на предприятии (визит на площадку) | C6: 3 | D6: 3 | E6: 4 | F6: 3 | G6: 3 | H6: 3 | I6: 4 | J6: 3 | K6: 3
A7: 4 | B7: Вовлечение руководства предприятий в федеральный проект | C7: 4 | D7: 4 | E7: 3 | F7: 3 | G7: 3 | H7: 3 | I7: 3 | J7: 3 | K7: 4
A8: 5 | B8: Подписание соглашения о сотрудничестве между РЦК и предприятием | C8: 3 | D8: 3 | E8: 3 | F8: 4 | G8: 4 | H8: 3 | I8: 3 | J8: 3 | K8: 3
A9: 6 | B9: Реализация организационных вех программы | C9: 3 | D9: 3 | E9: 4 | F9: 3 | G9: 3 | H9: 4 | I9: 3 | J9: 4 | K9: 3
A10: 7 | B10: Формирование проектного офиса | C10: 4 | D10: 4 | E10: 3 | F10: 3 | G10: 3 | H10: 3 | I10: 4 | J10: 3 | K10: 4
A11: 8 | B11: Определение перечня вовлеченных лиц и рамок проекта; создание рабочей группы для работы с пилотным потоком | C11: 3 | D11: 3 | E11: 3 | F11: 4 | G11: 3 | H11: 3 | I11: 3 | J11: 3 | K11: 4
A12: 9 | B12: Выявление степени готовности предприятия к изменениям | C12: 3 | D12: 3 | E12: 4 | F12: 3 | G12: 4 | H12: 3 | I12: 3 | J12: 3 | K12: 3
A13: 10 | B13: Составление плана ключевых событий | C13: 4 | D13: 4 | E13: 3 | F13: 3 | G13: 3 | H13: 4 | I13: 3 | J13: 3 | K13: 4
A14: 11 | B14: Разработка и корректировка плана мероприятий (основные этапы, сроки, ответственные) по достижению целевого состояния | C14: 3 | D14: 3 | E14: 3 | F14: 4 | G14: 3 | H14: 3 | I14: 4 | J14: 4 | K14: 3
A15: 12 | B15: Проведение анализа показателей проектов повышения производительности труда | C15: 3 | D15: 3 | E15: 4 | F15: 3 | G15: 3 | H15: 3 | I15: 3 | J15: 3 | K15: 3
... A40: 37 | B40: Ведение мониторинга проектов в подсистеме «Совместная работа» на ИТ-платформе | C40: 4 | D40: 4 | E40: 3 | F40: 3 | G40: 4 | H40: 3 | I40: 3 | J40: 3 | K40: 4
A42: РП-2 — (впишите ФИО руководителя проекта 2)
A43: 1 | B43: Проведение оценки на соответствие предприятия обязательным критериям
A44: 2 | B44: Проведение оценки готовности руководства предприятия к участию в проекте (интервью)
A45: 3 | B45: Проведение визуальной оценки производственного процесса на предприятии (визит на площадку)
A46: 4 | B46: Вовлечение руководства предприятий в федеральный проект
A47: 5 | B47: Подписание соглашения о сотрудничестве между РЦК и предприятием
A48: 6 | B48: Реализация организационных вех программы
A49: 7 | B49: Формирование проектного офиса
A50: 8 | B50: Определение перечня вовлеченных лиц и рамок проекта; создание рабочей группы для работы с пилотным потоком
A51: 9 | B51: Выявление степени готовности предприятия к изменениям
A52: 10 | B52: Составление плана ключевых событий
A53: 11 | B53: Разработка и корректировка плана мероприятий (основные этапы, сроки, ответственные) по достижению целевого состояния
A54: 12 | B54: Проведение анализа показателей проектов повышения производительности труда
... A79: 37 | B79: Ведение мониторинга проектов в подсистеме «Совместная работа» на ИТ-платформе
A81: РП-3 — (впишите ФИО руководителя проекта 3)
A82: 1 | B82: Проведение оценки на соответствие предприятия обязательным критериям
A83: 2 | B83: Проведение оценки готовности руководства предприятия к участию в проекте (интервью)
A84: 3 | B84: Проведение визуальной оценки производственного процесса на предприятии (визит на площадку)
A85: 4 | B85: Вовлечение руководства предприятий в федеральный проект
A86: 5 | B86: Подписание соглашения о сотрудничестве между РЦК и предприятием
A87: 6 | B87: Реализация организационных вех программы
A88: 7 | B88: Формирование проектного офиса
A89: 8 | B89: Определение перечня вовлеченных лиц и рамок проекта; создание рабочей группы для работы с пилотным потоком
A90: 9 | B90: Выявление степени готовности предприятия к изменениям
A91: 10 | B91: Составление плана ключевых событий
A92: 11 | B92: Разработка и корректировка плана мероприятий (основные этапы, сроки, ответственные) по достижению целевого состояния
A93: 12 | B93: Проведение анализа показателей проектов повышения производительности труда
... A118: 37 | B118: Ведение мониторинга проектов в подсистеме «Совместная работа» на ИТ-платформе
A120: РП-4 — (впишите ФИО руководителя проекта 4)
A121: 1 | B121: Проведение оценки на соответствие предприятия обязательным критериям
A122: 2 | B122: Проведение оценки готовности руководства предприятия к участию в проекте (интервью)
A123: 3 | B123: Проведение визуальной оценки производственного процесса на предприятии (визит на площадку)
A124: 4 | B124: Вовлечение руководства предприятий в федеральный проект
A125: 5 | B125: Подписание соглашения о сотрудничестве между РЦК и предприятием
A126: 6 | B126: Реализация организационных вех программы
A127: 7 | B127: Формирование проектного офиса
A128: 8 | B128: Определение перечня вовлеченных лиц и рамок проекта; создание рабочей группы для работы с пилотным потоком
A129: 9 | B129: Выявление степени готовности предприятия к изменениям
A130: 10 | B130: Составление плана ключевых событий
A131: 11 | B131: Разработка и корректировка плана мероприятий (основные этапы, сроки, ответственные) по достижению целевого состояния
A132: 12 | B132: Проведение анализа показателей проектов повышения производительности труда
... A157: 37 | B157: Ведение мониторинга проектов в подсистеме «Совместная работа» на ИТ-платформе
A159: РП-5 — (впишите ФИО руководителя проекта 5)
A160: 1 | B160: Проведение оценки на соответствие предприятия обязательным критериям
A161: 2 | B161: Проведение оценки готовности руководства предприятия к участию в проекте (интервью)
A162: 3 | B162: Проведение визуальной оценки производственного процесса на предприятии (визит на площадку)
A163: 4 | B163: Вовлечение руководства предприятий в федеральный проект
A164: 5 | B164: Подписание соглашения о сотрудничестве между РЦК и предприятием
A165: 6 | B165: Реализация организационных вех программы
A166: 7 | B166: Формирование проектного офиса
A167: 8 | B167: Определение перечня вовлеченных лиц и рамок проекта; создание рабочей группы для работы с пилотным потоком
A168: 9 | B168: Выявление степени готовности предприятия к изменениям
A169: 10 | B169: Составление плана ключевых событий
A170: 11 | B170: Разработка и корректировка плана мероприятий (основные этапы, сроки, ответственные) по достижению целевого состояния
A171: 12 | B171: Проведение анализа показателей проектов повышения производительности труда
... A196: 37 | B196: Ведение мониторинга проектов в подсистеме «Совместная работа» на ИТ-платформе
A198: РП-6 — (впишите ФИО руководителя проекта 6)
A199: 1 | B199: Проведение оценки на соответствие предприятия обязательным критериям
A200: 2 | B200: Проведение оценки готовности руководства предприятия к участию в проекте (интервью)
A201: 3 | B201: Проведение визуальной оценки производственного процесса на предприятии (визит на площадку)
A202: 4 | B202: Вовлечение руководства предприятий в федеральный проект
A203: 5 | B203: Подписание соглашения о сотрудничестве между РЦК и предприятием
A204: 6 | B204: Реализация организационных вех программы
A205: 7 | B205: Формирование проектного офиса
A206: 8 | B206: Определение перечня вовлеченных лиц и рамок проекта; создание рабочей группы для работы с пилотным потоком
A207: 9 | B207: Выявление степени готовности предприятия к изменениям
A208: 10 | B208: Составление плана ключевых событий
A209: 11 | B209: Разработка и корректировка плана мероприятий (основные этапы, сроки, ответственные) по достижению целевого состояния
A210: 12 | B210: Проведение анализа показателей проектов повышения производительности труда
... A235: 37 | B235: Ведение мониторинга проектов в подсистеме «Совместная работа» на ИТ-платформе
A237: РП-7 — (впишите ФИО руководителя проекта 7)
A238: 1 | B238: Проведение оценки на соответствие предприятия обязательным критериям
A239: 2 | B239: Проведение оценки готовности руководства предприятия к участию в проекте (интервью)
A240: 3 | B240: Проведение визуальной оценки производственного процесса на предприятии (визит на площадку)
A241: 4 | B241: Вовлечение руководства предприятий в федеральный проект
A242: 5 | B242: Подписание соглашения о сотрудничестве между РЦК и предприятием
A243: 6 | B243: Реализация организационных вех программы
A244: 7 | B244: Формирование проектного офиса
A245: 8 | B245: Определение перечня вовлеченных лиц и рамок проекта; создание рабочей группы для работы с пилотным потоком
A246: 9 | B246: Выявление степени готовности предприятия к изменениям
A247: 10 | B247: Составление плана ключевых событий
A248: 11 | B248: Разработка и корректировка плана мероприятий (основные этапы, сроки, ответственные) по достижению целевого состояния
A249: 12 | B249: Проведение анализа показателей проектов повышения производительности труда
... A274: 37 | B274: Ведение мониторинга проектов в подсистеме «Совместная работа» на ИТ-платформе

Sheet Сводка
A1: СВОДНАЯ ТАБЛИЦА РЕЗУЛЬТАТОВ 360 (считается автоматически из листа «Оценки»)
A2: «Другие» = среднее по группам руководитель/коллеги/подчинённые/клиент. «Разрыв» = самооценка минус «Другие» (красный ≥ 0,5 — слепая зона). «Сигналы»: «низкий уровень» — средний балл «Другие» ниже 3. Цвет строки — группа «Действий» (см. «Компетенции»).
A3: Руководитель проекта | B3: Компетенция (приложение № 3 МР) | C3: Себя | D3: Руководитель | E3: Коллеги (ср.) | F3: Подчинённые (ср.) | G3: Клиент (ср.) | H3: Другие (ср.) | I3: Разрыв (себя − другие) | J3: Сигналы
A4: Смирнов А. П. (ПРИМЕР) | B4: Проведение оценки на соответствие предприятия обязательным критериям | C4: =IF('Оценки'!K4="","",'Оценки'!K4) | D4: =IF('Оценки'!C4="","",'Оценки'!C4) | E4: =IF(COUNT('Оценки'!D4:F4)=0,"",AVERAGE('Оценки'!D4:F4)) | F4: =IF(COUNT('Оценки'!G4:I4)=0,"",AVERAGE('Оценки'!G4:I4)) | G4: =IF('Оценки'!J4="","",'Оценки'!J4) | H4: =IF(COUNT(D4:G4)=0,"",AVERAGE(D4:G4)) | I4: =IF(OR(C4="",H4=""),"",C4-H4) | J4: =IF(I4="","",IF(I4>=0.5,"⚠ переоценивает себя",IF(H4<3,"низкий уровень","")))
A5: Смирнов А. П. (ПРИМЕР) | B5: Проведение оценки готовности руководства предприятия к участию в проекте (интервью) | C5: =IF('Оценки'!K5="","",'Оценки'!K5) | D5: =IF('Оценки'!C5="","",'Оценки'!C5) | E5: =IF(COUNT('Оценки'!D5:F5)=0,"",AVERAGE('Оценки'!D5:F5)) | F5: =IF(COUNT('Оценки'!G5:I5)=0,"",AVERAGE('Оценки'!G5:I5)) | G5: =IF('Оценки'!J5="","",'Оценки'!J5) | H5: =IF(COUNT(D5:G5)=0,"",AVERAGE(D5:G5)) | I5: =IF(OR(C5="",H5=""),"",C5-H5) | J5: =IF(I5="","",IF(I5>=0.5,"⚠ переоценивает себя",IF(H5<3,"низкий уровень","")))
A6: Смирнов А. П. (ПРИМЕР) | B6: Проведение визуальной оценки производственного процесса на предприятии (визит на площадку) | C6: =IF('Оценки'!K6="","",'Оценки'!K6) | D6: =IF('Оценки'!C6="","",'Оценки'!C6) | E6: =IF(COUNT('Оценки'!D6:F6)=0,"",AVERAGE('Оценки'!D6:F6)) | F6: =IF(COUNT('Оценки'!G6:I6)=0,"",AVERAGE('Оценки'!G6:I6)) | G6: =IF('Оценки'!J6="","",'Оценки'!J6) | H6: =IF(COUNT(D6:G6)=0,"",AVERAGE(D6:G6)) | I6: =IF(OR(C6="",H6=""),"",C6-H6) | J6: =IF(I6="","",IF(I6>=0.5,"⚠ переоценивает себя",IF(H6<3,"низкий уровень","")))
A7: Смирнов А. П. (ПРИМЕР) | B7: Вовлечение руководства предприятий в федеральный проект | C7: =IF('Оценки'!K7="","",'Оценки'!K7) | D7: =IF('Оценки'!C7="","",'Оценки'!C7) | E7: =IF(COUNT('Оценки'!D7:F7)=0,"",AVERAGE('Оценки'!D7:F7)) | F7: =IF(COUNT('Оценки'!G7:I7)=0,"",AVERAGE('Оценки'!G7:I7)) | G7: =IF('Оценки'!J7="","",'Оценки'!J7) | H7: =IF(COUNT(D7:G7)=0,"",AVERAGE(D7:G7)) | I7: =IF(OR(C7="",H7=""),"",C7-H7) | J7: =IF(I7="","",IF(I7>=0.5,"⚠ переоценивает себя",IF(H7<3,"низкий уровень","")))
A8: Смирнов А. П. (ПРИМЕР) | B8: Подписание соглашения о сотрудничестве между РЦК и предприятием | C8: =IF('Оценки'!K8="","",'Оценки'!K8) | D8: =IF('Оценки'!C8="","",'Оценки'!C8) | E8: =IF(COUNT('Оценки'!D8:F8)=0,"",AVERAGE('Оценки'!D8:F8)) | F8: =IF(COUNT('Оценки'!G8:I8)=0,"",AVERAGE('Оценки'!G8:I8)) | G8: =IF('Оценки'!J8="","",'Оценки'!J8) | H8: =IF(COUNT(D8:G8)=0,"",AVERAGE(D8:G8)) | I8: =IF(OR(C8="",H8=""),"",C8-H8) | J8: =IF(I8="","",IF(I8>=0.5,"⚠ переоценивает себя",IF(H8<3,"низкий уровень","")))
A9: Смирнов А. П. (ПРИМЕР) | B9: Реализация организационных вех программы | C9: =IF('Оценки'!K9="","",'Оценки'!K9) | D9: =IF('Оценки'!C9="","",'Оценки'!C9) | E9: =IF(COUNT('Оценки'!D9:F9)=0,"",AVERAGE('Оценки'!D9:F9)) | F9: =IF(COUNT('Оценки'!G9:I9)=0,"",AVERAGE('Оценки'!G9:I9)) | G9: =IF('Оценки'!J9="","",'Оценки'!J9) | H9: =IF(COUNT(D9:G9)=0,"",AVERAGE(D9:G9)) | I9: =IF(OR(C9="",H9=""),"",C9-H9) | J9: =IF(I9="","",IF(I9>=0.5,"⚠ переоценивает себя",IF(H9<3,"низкий уровень","")))
A10: Смирнов А. П. (ПРИМЕР) | B10: Формирование проектного офиса | C10: =IF('Оценки'!K10="","",'Оценки'!K10) | D10: =IF('Оценки'!C10="","",'Оценки'!C10) | E10: =IF(COUNT('Оценки'!D10:F10)=0,"",AVERAGE('Оценки'!D10:F10)) | F10: =IF(COUNT('Оценки'!G10:I10)=0,"",AVERAGE('Оценки'!G10:I10)) | G10: =IF('Оценки'!J10="","",'Оценки'!J10) | H10: =IF(COUNT(D10:G10)=0,"",AVERAGE(D10:G10)) | I10: =IF(OR(C10="",H10=""),"",C10-H10) | J10: =IF(I10="","",IF(I10>=0.5,"⚠ переоценивает себя",IF(H10<3,"низкий уровень","")))
A11: Смирнов А. П. (ПРИМЕР) | B11: Определение перечня вовлеченных лиц и рамок проекта; создание рабочей группы для работы с пилотным потоком | C11: =IF('Оценки'!K11="","",'Оценки'!K11) | D11: =IF('Оценки'!C11="","",'Оценки'!C11) | E11: =IF(COUNT('Оценки'!D11:F11)=0,"",AVERAGE('Оценки'!D11:F11)) | F11: =IF(COUNT('Оценки'!G11:I11)=0,"",AVERAGE('Оценки'!G11:I11)) | G11: =IF('Оценки'!J11="","",'Оценки'!J11) | H11: =IF(COUNT(D11:G11)=0,"",AVERAGE(D11:G11)) | I11: =IF(OR(C11="",H11=""),"",C11-H11) | J11: =IF(I11="","",IF(I11>=0.5,"⚠ переоценивает себя",IF(H11<3,"низкий уровень","")))
A12: Смирнов А. П. (ПРИМЕР) | B12: Выявление степени готовности предприятия к изменениям | C12: =IF('Оценки'!K12="","",'Оценки'!K12) | D12: =IF('Оценки'!C12="","",'Оценки'!C12) | E12: =IF(COUNT('Оценки'!D12:F12)=0,"",AVERAGE('Оценки'!D12:F12)) | F12: =IF(COUNT('Оценки'!G12:I12)=0,"",AVERAGE('Оценки'!G12:I12)) | G12: =IF('Оценки'!J12="","",'Оценки'!J12) | H12: =IF(COUNT(D12:G12)=0,"",AVERAGE(D12:G12)) | I12: =IF(OR(C12="",H12=""),"",C12-H12) | J12: =IF(I12="","",IF(I12>=0.5,"⚠ переоценивает себя",IF(H12<3,"низкий уровень","")))
A13: Смирнов А. П. (ПРИМЕР) | B13: Составление плана ключевых событий | C13: =IF('Оценки'!K13="","",'Оценки'!K13) | D13: =IF('Оценки'!C13="","",'Оценки'!C13) | E13: =IF(COUNT('Оценки'!D13:F13)=0,"",AVERAGE('Оценки'!D13:F13)) | F13: =IF(COUNT('Оценки'!G13:I13)=0,"",AVERAGE('Оценки'!G13:I13)) | G13: =IF('Оценки'!J13="","",'Оценки'!J13) | H13: =IF(COUNT(D13:G13)=0,"",AVERAGE(D13:G13)) | I13: =IF(OR(C13="",H13=""),"",C13-H13) | J13: =IF(I13="","",IF(I13>=0.5,"⚠ переоценивает себя",IF(H13<3,"низкий уровень","")))
A14: Смирнов А. П. (ПРИМЕР) | B14: Разработка и корректировка плана мероприятий (основные этапы, сроки, ответственные) по достижению целевого состояния | C14: =IF('Оценки'!K14="","",'Оценки'!K14) | D14: =IF('Оценки'!C14="","",'Оценки'!C14) | E14: =IF(COUNT('Оценки'!D14:F14)=0,"",AVERAGE('Оценки'!D14:F14)) | F14: =IF(COUNT('Оценки'!G14:I14)=0,"",AVERAGE('Оценки'!G14:I14)) | G14: =IF('Оценки'!J14="","",'Оценки'!J14) | H14: =IF(COUNT(D14:G14)=0,"",AVERAGE(D14:G14)) | I14: =IF(OR(C14="",H14=""),"",C14-H14) | J14: =IF(I14="","",IF(I14>=0.5,"⚠ переоценивает себя",IF(H14<3,"низкий уровень","")))
A15: Смирнов А. П. (ПРИМЕР) | B15: Проведение анализа показателей проектов повышения производительности труда | C15: =IF('Оценки'!K15="","",'Оценки'!K15) | D15: =IF('Оценки'!C15="","",'Оценки'!C15) | E15: =IF(COUNT('Оценки'!D15:F15)=0,"",AVERAGE('Оценки'!D15:F15)) | F15: =IF(COUNT('Оценки'!G15:I15)=0,"",AVERAGE('Оценки'!G15:I15)) | G15: =IF('Оценки'!J15="","",'Оценки'!J15) | H15: =IF(COUNT(D15:G15)=0,"",AVERAGE(D15:G15)) | I15: =IF(OR(C15="",H15=""),"",C15-H15) | J15: =IF(I15="","",IF(I15>=0.5,"⚠ переоценивает себя",IF(H15<3,"низкий уровень","")))
... A40: Смирнов А. П. (ПРИМЕР) | B40: Ведение мониторинга проектов в подсистеме «Совместная работа» на ИТ-платформе | C40: =IF('Оценки'!K40="","",'Оценки'!K40) | D40: =IF('Оценки'!C40="","",'Оценки'!C40) | E40: =IF(COUNT('Оценки'!D40:F40)=0,"",AVERAGE('Оценки'!D40:F40)) | F40: =IF(COUNT('Оценки'!G40:I40)=0,"",AVERAGE('Оценки'!G40:I40)) | G40: =IF('Оценки'!J40="","",'Оценки'!J40) | H40: =IF(COUNT(D40:G40)=0,"",AVERAGE(D40:G40)) | I40: =IF(OR(C40="",H40=""),"",C40-H40) | J40: =IF(I40="","",IF(I40>=0.5,"⚠ переоценивает себя",IF(H40<3,"низкий уровень","")))
A41: Смирнов А. П. (ПРИМЕР) | B41: ИТОГО (среднее по всем компетенциям) | C41: =IF(COUNT(C4:C40)=0,"",AVERAGE(C4:C40)) | D41: =IF(COUNT(D4:D40)=0,"",AVERAGE(D4:D40)) | E41: =IF(COUNT(E4:E40)=0,"",AVERAGE(E4:E40)) | F41: =IF(COUNT(F4:F40)=0,"",AVERAGE(F4:F40)) | G41: =IF(COUNT(G4:G40)=0,"",AVERAGE(G4:G40)) | H41: =IF(COUNT(H4:H40)=0,"",AVERAGE(H4:H40)) | I41: =IF(OR(C41="",H41=""),"",C41-H41) | J41: =IF(I41="","",IF(I41>=0.5,"⚠ переоценивает себя",IF(H41<3,"низкий уровень","")))
A43: РП-2 | B43: Проведение оценки на соответствие предприятия обязательным критериям | C43: =IF('Оценки'!K43="","",'Оценки'!K43) | D43: =IF('Оценки'!C43="","",'Оценки'!C43) | E43: =IF(COUNT('Оценки'!D43:F43)=0,"",AVERAGE('Оценки'!D43:F43)) | F43: =IF(COUNT('Оценки'!G43:I43)=0,"",AVERAGE('Оценки'!G43:I43)) | G43: =IF('Оценки'!J43="","",'Оценки'!J43) | H43: =IF(COUNT(D43:G43)=0,"",AVERAGE(D43:G43)) | I43: =IF(OR(C43="",H43=""),"",C43-H43) | J43: =IF(I43="","",IF(I43>=0.5,"⚠ переоценивает себя",IF(H43<3,"низкий уровень","")))
A44: РП-2 | B44: Проведение оценки готовности руководства предприятия к участию в проекте (интервью) | C44: =IF('Оценки'!K44="","",'Оценки'!K44) | D44: =IF('Оценки'!C44="","",'Оценки'!C44) | E44: =IF(COUNT('Оценки'!D44:F44)=0,"",AVERAGE('Оценки'!D44:F44)) | F44: =IF(COUNT('Оценки'!G44:I44)=0,"",AVERAGE('Оценки'!G44:I44)) | G44: =IF('Оценки'!J44="","",'Оценки'!J44) | H44: =IF(COUNT(D44:G44)=0,"",AVERAGE(D44:G44)) | I44: =IF(OR(C44="",H44=""),"",C44-H44) | J44: =IF(I44="","",IF(I44>=0.5,"⚠ переоценивает себя",IF(H44<3,"низкий уровень","")))
A45: РП-2 | B45: Проведение визуальной оценки производственного процесса на предприятии (визит на площадку) | C45: =IF('Оценки'!K45="","",'Оценки'!K45) | D45: =IF('Оценки'!C45="","",'Оценки'!C45) | E45: =IF(COUNT('Оценки'!D45:F45)=0,"",AVERAGE('Оценки'!D45:F45)) | F45: =IF(COUNT('Оценки'!G45:I45)=0,"",AVERAGE('Оценки'!G45:I45)) | G45: =IF('Оценки'!J45="","",'Оценки'!J45) | H45: =IF(COUNT(D45:G45)=0,"",AVERAGE(D45:G45)) | I45: =IF(OR(C45="",H45=""),"",C45-H45) | J45: =IF(I45="","",IF(I45>=0.5,"⚠ переоценивает себя",IF(H45<3,"низкий уровень","")))
A46: РП-2 | B46: Вовлечение руководства предприятий в федеральный проект | C46: =IF('Оценки'!K46="","",'Оценки'!K46) | D46: =IF('Оценки'!C46="","",'Оценки'!C46) | E46: =IF(COUNT('Оценки'!D46:F46)=0,"",AVERAGE('Оценки'!D46:F46)) | F46: =IF(COUNT('Оценки'!G46:I46)=0,"",AVERAGE('Оценки'!G46:I46)) | G46: =IF('Оценки'!J46="","",'Оценки'!J46) | H46: =IF(COUNT(D46:G46)=0,"",AVERAGE(D46:G46)) | I46: =IF(OR(C46="",H46=""),"",C46-H46) | J46: =IF(I46="","",IF(I46>=0.5,"⚠ переоценивает себя",IF(H46<3,"низкий уровень","")))
A47: РП-2 | B47: Подписание соглашения о сотрудничестве между РЦК и предприятием | C47: =IF('Оценки'!K47="","",'Оценки'!K47) | D47: =IF('Оценки'!C47="","",'Оценки'!C47) | E47: =IF(COUNT('Оценки'!D47:F47)=0,"",AVERAGE('Оценки'!D47:F47)) | F47: =IF(COUNT('Оценки'!G47:I47)=0,"",AVERAGE('Оценки'!G47:I47)) | G47: =IF('Оценки'!J47="","",'Оценки'!J47) | H47: =IF(COUNT(D47:G47)=0,"",AVERAGE(D47:G47)) | I47: =IF(OR(C47="",H47=""),"",C47-H47) | J47: =IF(I47="","",IF(I47>=0.5,"⚠ переоценивает себя",IF(H47<3,"низкий уровень","")))
A48: РП-2 | B48: Реализация организационных вех программы | C48: =IF('Оценки'!K48="","",'Оценки'!K48) | D48: =IF('Оценки'!C48="","",'Оценки'!C48) | E48: =IF(COUNT('Оценки'!D48:F48)=0,"",AVERAGE('Оценки'!D48:F48)) | F48: =IF(COUNT('Оценки'!G48:I48)=0,"",AVERAGE('Оценки'!G48:I48)) | G48: =IF('Оценки'!J48="","",'Оценки'!J48) | H48: =IF(COUNT(D48:G48)=0,"",AVERAGE(D48:G48)) | I48: =IF(OR(C48="",H48=""),"",C48-H48) | J48: =IF(I48="","",IF(I48>=0.5,"⚠ переоценивает себя",IF(H48<3,"низкий уровень","")))
A49: РП-2 | B49: Формирование проектного офиса | C49: =IF('Оценки'!K49="","",'Оценки'!K49) | D49: =IF('Оценки'!C49="","",'Оценки'!C49) | E49: =IF(COUNT('Оценки'!D49:F49)=0,"",AVERAGE('Оценки'!D49:F49)) | F49: =IF(COUNT('Оценки'!G49:I49)=0,"",AVERAGE('Оценки'!G49:I49)) | G49: =IF('Оценки'!J49="","",'Оценки'!J49) | H49: =IF(COUNT(D49:G49)=0,"",AVERAGE(D49:G49)) | I49: =IF(OR(C49="",H49=""),"",C49-H49) | J49: =IF(I49="","",IF(I49>=0.5,"⚠ переоценивает себя",IF(H49<3,"низкий уровень","")))
A50: РП-2 | B50: Определение перечня вовлеченных лиц и рамок проекта; создание рабочей группы для работы с пилотным потоком | C50: =IF('Оценки'!K50="","",'Оценки'!K50) | D50: =IF('Оценки'!C50="","",'Оценки'!C50) | E50: =IF(COUNT('Оценки'!D50:F50)=0,"",AVERAGE('Оценки'!D50:F50)) | F50: =IF(COUNT('Оценки'!G50:I50)=0,"",AVERAGE('Оценки'!G50:I50)) | G50: =IF('Оценки'!J50="","",'Оценки'!J50) | H50: =IF(COUNT(D50:G50)=0,"",AVERAGE(D50:G50)) | I50: =IF(OR(C50="",H50=""),"",C50-H50) | J50: =IF(I50="","",IF(I50>=0.5,"⚠ переоценивает себя",IF(H50<3,"низкий уровень","")))
A51: РП-2 | B51: Выявление степени готовности предприятия к изменениям | C51: =IF('Оценки'!K51="","",'Оценки'!K51) | D51: =IF('Оценки'!C51="","",'Оценки'!C51) | E51: =IF(COUNT('Оценки'!D51:F51)=0,"",AVERAGE('Оценки'!D51:F51)) | F51: =IF(COUNT('Оценки'!G51:I51)=0,"",AVERAGE('Оценки'!G51:I51)) | G51: =IF('Оценки'!J51="","",'Оценки'!J51) | H51: =IF(COUNT(D51:G51)=0,"",AVERAGE(D51:G51)) | I51: =IF(OR(C51="",H51=""),"",C51-H51) | J51: =IF(I51="","",IF(I51>=0.5,"⚠ переоценивает себя",IF(H51<3,"низкий уровень","")))
A52: РП-2 | B52: Составление плана ключевых событий | C52: =IF('Оценки'!K52="","",'Оценки'!K52) | D52: =IF('Оценки'!C52="","",'Оценки'!C52) | E52: =IF(COUNT('Оценки'!D52:F52)=0,"",AVERAGE('Оценки'!D52:F52)) | F52: =IF(COUNT('Оценки'!G52:I52)=0,"",AVERAGE('Оценки'!G52:I52)) | G52: =IF('Оценки'!J52="","",'Оценки'!J52) | H52: =IF(COUNT(D52:G52)=0,"",AVERAGE(D52:G52)) | I52: =IF(OR(C52="",H52=""),"",C52-H52) | J52: =IF(I52="","",IF(I52>=0.5,"⚠ переоценивает себя",IF(H52<3,"низкий уровень","")))
A53: РП-2 | B53: Разработка и корректировка плана мероприятий (основные этапы, сроки, ответственные) по достижению целевого состояния | C53: =IF('Оценки'!K53="","",'Оценки'!K53) | D53: =IF('Оценки'!C53="","",'Оценки'!C53) | E53: =IF(COUNT('Оценки'!D53:F53)=0,"",AVERAGE('Оценки'!D53:F53)) | F53: =IF(COUNT('Оценки'!G53:I53)=0,"",AVERAGE('Оценки'!G53:I53)) | G53: =IF('Оценки'!J53="","",'Оценки'!J53) | H53: =IF(COUNT(D53:G53)=0,"",AVERAGE(D53:G53)) | I53: =IF(OR(C53="",H53=""),"",C53-H53) | J53: =IF(I53="","",IF(I53>=0.5,"⚠ переоценивает себя",IF(H53<3,"низкий уровень","")))
A54: РП-2 | B54: Проведение анализа показателей проектов повышения производительности труда | C54: =IF('Оценки'!K54="","",'Оценки'!K54) | D54: =IF('Оценки'!C54="","",'Оценки'!C54) | E54: =IF(COUNT('Оценки'!D54:F54)=0,"",AVERAGE('Оценки'!D54:F54)) | F54: =IF(COUNT('Оценки'!G54:I54)=0,"",AVERAGE('Оценки'!G54:I54)) | G54: =IF('Оценки'!J54="","",'Оценки'!J54) | H54: =IF(COUNT(D54:G54)=0,"",AVERAGE(D54:G54)) | I54: =IF(OR(C54="",H54=""),"",C54-H54) | J54: =IF(I54="","",IF(I54>=0.5,"⚠ переоценивает себя",IF(H54<3,"низкий уровень","")))
... A79: РП-2 | B79: Ведение мониторинга проектов в подсистеме «Совместная работа» на ИТ-платформе | C79: =IF('Оценки'!K79="","",'Оценки'!K79) | D79: =IF('Оценки'!C79="","",'Оценки'!C79) | E79: =IF(COUNT('Оценки'!D79:F79)=0,"",AVERAGE('Оценки'!D79:F79)) | F79: =IF(COUNT('Оценки'!G79:I79)=0,"",AVERAGE('Оценки'!G79:I79)) | G79: =IF('Оценки'!J79="","",'Оценки'!J79) | H79: =IF(COUNT(D79:G79)=0,"",AVERAGE(D79:G79)) | I79: =IF(OR(C79="",H79=""),"",C79-H79) | J79: =IF(I79="","",IF(I79>=0.5,"⚠ переоценивает себя",IF(H79<3,"низкий уровень","")))
A80: РП-2 | B80: ИТОГО (среднее по всем компетенциям) | C80: =IF(COUNT(C43:C79)=0,"",AVERAGE(C43:C79)) | D80: =IF(COUNT(D43:D79)=0,"",AVERAGE(D43:D79)) | E80: =IF(COUNT(E43:E79)=0,"",AVERAGE(E43:E79)) | F80: =IF(COUNT(F43:F79)=0,"",AVERAGE(F43:F79)) | G80: =IF(COUNT(G43:G79)=0,"",AVERAGE(G43:G79)) | H80: =IF(COUNT(H43:H79)=0,"",AVERAGE(H43:H79)) | I80: =IF(OR(C80="",H80=""),"",C80-H80) | J80: =IF(I80="","",IF(I80>=0.5,"⚠ переоценивает себя",IF(H80<3,"низкий уровень","")))
A82: РП-3 | B82: Проведение оценки на соответствие предприятия обязательным критериям | C82: =IF('Оценки'!K82="","",'Оценки'!K82) | D82: =IF('Оценки'!C82="","",'Оценки'!C82) | E82: =IF(COUNT('Оценки'!D82:F82)=0,"",AVERAGE('Оценки'!D82:F82)) | F82: =IF(COUNT('Оценки'!G82:I82)=0,"",AVERAGE('Оценки'!G82:I82)) | G82: =IF('Оценки'!J82="","",'Оценки'!J82) | H82: =IF(COUNT(D82:G82)=0,"",AVERAGE(D82:G82)) | I82: =IF(OR(C82="",H82=""),"",C82-H82) | J82: =IF(I82="","",IF(I82>=0.5,"⚠ переоценивает себя",IF(H82<3,"низкий уровень","")))
A83: РП-3 | B83: Проведение оценки готовности руководства предприятия к участию в проекте (интервью) | C83: =IF('Оценки'!K83="","",'Оценки'!K83) | D83: =IF('Оценки'!C83="","",'Оценки'!C83) | E83: =IF(COUNT('Оценки'!D83:F83)=0,"",AVERAGE('Оценки'!D83:F83)) | F83: =IF(COUNT('Оценки'!G83:I83)=0,"",AVERAGE('Оценки'!G83:I83)) | G83: =IF('Оценки'!J83="","",'Оценки'!J83) | H83: =IF(COUNT(D83:G83)=0,"",AVERAGE(D83:G83)) | I83: =IF(OR(C83="",H83=""),"",C83-H83) | J83: =IF(I83="","",IF(I83>=0.5,"⚠ переоценивает себя",IF(H83<3,"низкий уровень","")))
A84: РП-3 | B84: Проведение визуальной оценки производственного процесса на предприятии (визит на площадку) | C84: =IF('Оценки'!K84="","",'Оценки'!K84) | D84: =IF('Оценки'!C84="","",'Оценки'!C84) | E84: =IF(COUNT('Оценки'!D84:F84)=0,"",AVERAGE('Оценки'!D84:F84)) | F84: =IF(COUNT('Оценки'!G84:I84)=0,"",AVERAGE('Оценки'!G84:I84)) | G84: =IF('Оценки'!J84="","",'Оценки'!J84) | H84: =IF(COUNT(D84:G84)=0,"",AVERAGE(D84:G84)) | I84: =IF(OR(C84="",H84=""),"",C84-H84) | J84: =IF(I84="","",IF(I84>=0.5,"⚠ переоценивает себя",IF(H84<3,"низкий уровень","")))
A85: РП-3 | B85: Вовлечение руководства предприятий в федеральный проект | C85: =IF('Оценки'!K85="","",'Оценки'!K85) | D85: =IF('Оценки'!C85="","",'Оценки'!C85) | E85: =IF(COUNT('Оценки'!D85:F85)=0,"",AVERAGE('Оценки'!D85:F85)) | F85: =IF(COUNT('Оценки'!G85:I85)=0,"",AVERAGE('Оценки'!G85:I85)) | G85: =IF('Оценки'!J85="","",'Оценки'!J85) | H85: =IF(COUNT(D85:G85)=0,"",AVERAGE(D85:G85)) | I85: =IF(OR(C85="",H85=""),"",C85-H85) | J85: =IF(I85="","",IF(I85>=0.5,"⚠ переоценивает себя",IF(H85<3,"низкий уровень","")))
A86: РП-3 | B86: Подписание соглашения о сотрудничестве между РЦК и предприятием | C86: =IF('Оценки'!K86="","",'Оценки'!K86) | D86: =IF('Оценки'!C86="","",'Оценки'!C86) | E86: =IF(COUNT('Оценки'!D86:F86)=0,"",AVERAGE('Оценки'!D86:F86)) | F86: =IF(COUNT('Оценки'!G86:I86)=0,"",AVERAGE('Оценки'!G86:I86)) | G86: =IF('Оценки'!J86="","",'Оценки'!J86) | H86: =IF(COUNT(D86:G86)=0,"",AVERAGE(D86:G86)) | I86: =IF(OR(C86="",H86=""),"",C86-H86) | J86: =IF(I86="","",IF(I86>=0.5,"⚠ переоценивает себя",IF(H86<3,"низкий уровень","")))
A87: РП-3 | B87: Реализация организационных вех программы | C87: =IF('Оценки'!K87="","",'Оценки'!K87) | D87: =IF('Оценки'!C87="","",'Оценки'!C87) | E87: =IF(COUNT('Оценки'!D87:F87)=0,"",AVERAGE('Оценки'!D87:F87)) | F87: =IF(COUNT('Оценки'!G87:I87)=0,"",AVERAGE('Оценки'!G87:I87)) | G87: =IF('Оценки'!J87="","",'Оценки'!J87) | H87: =IF(COUNT(D87:G87)=0,"",AVERAGE(D87:G87)) | I87: =IF(OR(C87="",H87=""),"",C87-H87) | J87: =IF(I87="","",IF(I87>=0.5,"⚠ переоценивает себя",IF(H87<3,"низкий уровень","")))
A88: РП-3 | B88: Формирование проектного офиса | C88: =IF('Оценки'!K88="","",'Оценки'!K88) | D88: =IF('Оценки'!C88="","",'Оценки'!C88) | E88: =IF(COUNT('Оценки'!D88:F88)=0,"",AVERAGE('Оценки'!D88:F88)) | F88: =IF(COUNT('Оценки'!G88:I88)=0,"",AVERAGE('Оценки'!G88:I88)) | G88: =IF('Оценки'!J88="","",'Оценки'!J88) | H88: =IF(COUNT(D88:G88)=0,"",AVERAGE(D88:G88)) | I88: =IF(OR(C88="",H88=""),"",C88-H88) | J88: =IF(I88="","",IF(I88>=0.5,"⚠ переоценивает себя",IF(H88<3,"низкий уровень","")))
A89: РП-3 | B89: Определение перечня вовлеченных лиц и рамок проекта; создание рабочей группы для работы с пилотным потоком | C89: =IF('Оценки'!K89="","",'Оценки'!K89) | D89: =IF('Оценки'!C89="","",'Оценки'!C89) | E89: =IF(COUNT('Оценки'!D89:F89)=0,"",AVERAGE('Оценки'!D89:F89)) | F89: =IF(COUNT('Оценки'!G89:I89)=0,"",AVERAGE('Оценки'!G89:I89)) | G89: =IF('Оценки'!J89="","",'Оценки'!J89) | H89: =IF(COUNT(D89:G89)=0,"",AVERAGE(D89:G89)) | I89: =IF(OR(C89="",H89=""),"",C89-H89) | J89: =IF(I89="","",IF(I89>=0.5,"⚠ переоценивает себя",IF(H89<3,"низкий уровень","")))
A90: РП-3 | B90: Выявление степени готовности предприятия к изменениям | C90: =IF('Оценки'!K90="","",'Оценки'!K90) | D90: =IF('Оценки'!C90="","",'Оценки'!C90) | E90: =IF(COUNT('Оценки'!D90:F90)=0,"",AVERAGE('Оценки'!D90:F90)) | F90: =IF(COUNT('Оценки'!G90:I90)=0,"",AVERAGE('Оценки'!G90:I90)) | G90: =IF('Оценки'!J90="","",'Оценки'!J90) | H90: =IF(COUNT(D90:G90)=0,"",AVERAGE(D90:G90)) | I90: =IF(OR(C90="",H90=""),"",C90-H90) | J90: =IF(I90="","",IF(I90>=0.5,"⚠ переоценивает себя",IF(H90<3,"низкий уровень","")))
A91: РП-3 | B91: Составление плана ключевых событий | C91: =IF('Оценки'!K91="","",'Оценки'!K91) | D91: =IF('Оценки'!C91="","",'Оценки'!C91) | E91: =IF(COUNT('Оценки'!D91:F91)=0,"",AVERAGE('Оценки'!D91:F91)) | F91: =IF(COUNT('Оценки'!G91:I91)=0,"",AVERAGE('Оценки'!G91:I91)) | G91: =IF('Оценки'!J91="","",'Оценки'!J91) | H91: =IF(COUNT(D91:G91)=0,"",AVERAGE(D91:G91)) | I91: =IF(OR(C91="",H91=""),"",C91-H91) | J91: =IF(I91="","",IF(I91>=0.5,"⚠ переоценивает себя",IF(H91<3,"низкий уровень","")))
A92: РП-3 | B92: Разработка и корректировка плана мероприятий (основные этапы, сроки, ответственные) по достижению целевого состояния | C92: =IF('Оценки'!K92="","",'Оценки'!K92) | D92: =IF('Оценки'!C92="","",'Оценки'!C92) | E92: =IF(COUNT('Оценки'!D92:F92)=0,"",AVERAGE('Оценки'!D92:F92)) | F92: =IF(COUNT('Оценки'!G92:I92)=0,"",AVERAGE('Оценки'!G92:I92)) | G92: =IF('Оценки'!J92="","",'Оценки'!J92) | H92: =IF(COUNT(D92:G92)=0,"",AVERAGE(D92:G92)) | I92: =IF(OR(C92="",H92=""),"",C92-H92) | J92: =IF(I92="","",IF(I92>=0.5,"⚠ переоценивает себя",IF(H92<3,"низкий уровень","")))
A93: РП-3 | B93: Проведение анализа показателей проектов повышения производительности труда | C93: =IF('Оценки'!K93="","",'Оценки'!K93) | D93: =IF('Оценки'!C93="","",'Оценки'!C93) | E93: =IF(COUNT('Оценки'!D93:F93)=0,"",AVERAGE('Оценки'!D93:F93)) | F93: =IF(COUNT('Оценки'!G93:I93)=0,"",AVERAGE('Оценки'!G93:I93)) | G93: =IF('Оценки'!J93="","",'Оценки'!J93) | H93: =IF(COUNT(D93:G93)=0,"",AVERAGE(D93:G93)) | I93: =IF(OR(C93="",H93=""),"",C93-H93) | J93: =IF(I93="","",IF(I93>=0.5,"⚠ переоценивает себя",IF(H93<3,"низкий уровень","")))
... A118: РП-3 | B118: Ведение мониторинга проектов в подсистеме «Совместная работа» на ИТ-платформе | C118: =IF('Оценки'!K118="","",'Оценки'!K118) | D118: =IF('Оценки'!C118="","",'Оценки'!C118) | E118: =IF(COUNT('Оценки'!D118:F118)=0,"",AVERAGE('Оценки'!D118:F118)) | F118: =IF(COUNT('Оценки'!G118:I118)=0,"",AVERAGE('Оценки'!G118:I118)) | G118: =IF('Оценки'!J118="","",'Оценки'!J118) | H118: =IF(COUNT(D118:G118)=0,"",AVERAGE(D118:G118)) | I118: =IF(OR(C118="",H118=""),"",C118-H118) | J118: =IF(I118="","",IF(I118>=0.5,"⚠ переоценивает себя",IF(H118<3,"низкий уровень","")))
A119: РП-3 | B119: ИТОГО (среднее по всем компетенциям) | C119: =IF(COUNT(C82:C118)=0,"",AVERAGE(C82:C118)) | D119: =IF(COUNT(D82:D118)=0,"",AVERAGE(D82:D118)) | E119: =IF(COUNT(E82:E118)=0,"",AVERAGE(E82:E118)) | F119: =IF(COUNT(F82:F118)=0,"",AVERAGE(F82:F118)) | G119: =IF(COUNT(G82:G118)=0,"",AVERAGE(G82:G118)) | H119: =IF(COUNT(H82:H118)=0,"",AVERAGE(H82:H118)) | I119: =IF(OR(C119="",H119=""),"",C119-H119) | J119: =IF(I119="","",IF(I119>=0.5,"⚠ переоценивает себя",IF(H119<3,"низкий уровень","")))
A121: РП-4 | B121: Проведение оценки на соответствие предприятия обязательным критериям | C121: =IF('Оценки'!K121="","",'Оценки'!K121) | D121: =IF('Оценки'!C121="","",'Оценки'!C121) | E121: =IF(COUNT('Оценки'!D121:F121)=0,"",AVERAGE('Оценки'!D121:F121)) | F121: =IF(COUNT('Оценки'!G121:I121)=0,"",AVERAGE('Оценки'!G121:I121)) | G121: =IF('Оценки'!J121="","",'Оценки'!J121) | H121: =IF(COUNT(D121:G121)=0,"",AVERAGE(D121:G121)) | I121: =IF(OR(C121="",H121=""),"",C121-H121) | J121: =IF(I121="","",IF(I121>=0.5,"⚠ переоценивает себя",IF(H121<3,"низкий уровень","")))
A122: РП-4 | B122: Проведение оценки готовности руководства предприятия к участию в проекте (интервью) | C122: =IF('Оценки'!K122="","",'Оценки'!K122) | D122: =IF('Оценки'!C122="","",'Оценки'!C122) | E122: =IF(COUNT('Оценки'!D122:F122)=0,"",AVERAGE('Оценки'!D122:F122)) | F122: =IF(COUNT('Оценки'!G122:I122)=0,"",AVERAGE('Оценки'!G122:I122)) | G122: =IF('Оценки'!J122="","",'Оценки'!J122) | H122: =IF(COUNT(D122:G122)=0,"",AVERAGE(D122:G122)) | I122: =IF(OR(C122="",H122=""),"",C122-H122) | J122: =IF(I122="","",IF(I122>=0.5,"⚠ переоценивает себя",IF(H122<3,"низкий уровень","")))
A123: РП-4 | B123: Проведение визуальной оценки производственного процесса на предприятии (визит на площадку) | C123: =IF('Оценки'!K123="","",'Оценки'!K123) | D123: =IF('Оценки'!C123="","",'Оценки'!C123) | E123: =IF(COUNT('Оценки'!D123:F123)=0,"",AVERAGE('Оценки'!D123:F123)) | F123: =IF(COUNT('Оценки'!G123:I123)=0,"",AVERAGE('Оценки'!G123:I123)) | G123: =IF('Оценки'!J123="","",'Оценки'!J123) | H123: =IF(COUNT(D123:G123)=0,"",AVERAGE(D123:G123)) | I123: =IF(OR(C123="",H123=""),"",C123-H123) | J123: =IF(I123="","",IF(I123>=0.5,"⚠ переоценивает себя",IF(H123<3,"низкий уровень","")))
A124: РП-4 | B124: Вовлечение руководства предприятий в федеральный проект | C124: =IF('Оценки'!K124="","",'Оценки'!K124) | D124: =IF('Оценки'!C124="","",'Оценки'!C124) | E124: =IF(COUNT('Оценки'!D124:F124)=0,"",AVERAGE('Оценки'!D124:F124)) | F124: =IF(COUNT('Оценки'!G124:I124)=0,"",AVERAGE('Оценки'!G124:I124)) | G124: =IF('Оценки'!J124="","",'Оценки'!J124) | H124: =IF(COUNT(D124:G124)=0,"",AVERAGE(D124:G124)) | I124: =IF(OR(C124="",H124=""),"",C124-H124) | J124: =IF(I124="","",IF(I124>=0.5,"⚠ переоценивает себя",IF(H124<3,"низкий уровень","")))
A125: РП-4 | B125: Подписание соглашения о сотрудничестве между РЦК и предприятием | C125: =IF('Оценки'!K125="","",'Оценки'!K125) | D125: =IF('Оценки'!C125="","",'Оценки'!C125) | E125: =IF(COUNT('Оценки'!D125:F125)=0,"",AVERAGE('Оценки'!D125:F125)) | F125: =IF(COUNT('Оценки'!G125:I125)=0,"",AVERAGE('Оценки'!G125:I125)) | G125: =IF('Оценки'!J125="","",'Оценки'!J125) | H125: =IF(COUNT(D125:G125)=0,"",AVERAGE(D125:G125)) | I125: =IF(OR(C125="",H125=""),"",C125-H125) | J125: =IF(I125="","",IF(I125>=0.5,"⚠ переоценивает себя",IF(H125<3,"низкий уровень","")))
A126: РП-4 | B126: Реализация организационных вех программы | C126: =IF('Оценки'!K126="","",'Оценки'!K126) | D126: =IF('Оценки'!C126="","",'Оценки'!C126) | E126: =IF(COUNT('Оценки'!D126:F126)=0,"",AVERAGE('Оценки'!D126:F126)) | F126: =IF(COUNT('Оценки'!G126:I126)=0,"",AVERAGE('Оценки'!G126:I126)) | G126: =IF('Оценки'!J126="","",'Оценки'!J126) | H126: =IF(COUNT(D126:G126)=0,"",AVERAGE(D126:G126)) | I126: =IF(OR(C126="",H126=""),"",C126-H126) | J126: =IF(I126="","",IF(I126>=0.5,"⚠ переоценивает себя",IF(H126<3,"низкий уровень","")))
A127: РП-4 | B127: Формирование проектного офиса | C127: =IF('Оценки'!K127="","",'Оценки'!K127) | D127: =IF('Оценки'!C127="","",'Оценки'!C127) | E127: =IF(COUNT('Оценки'!D127:F127)=0,"",AVERAGE('Оценки'!D127:F127)) | F127: =IF(COUNT('Оценки'!G127:I127)=0,"",AVERAGE('Оценки'!G127:I127)) | G127: =IF('Оценки'!J127="","",'Оценки'!J127) | H127: =IF(COUNT(D127:G127)=0,"",AVERAGE(D127:G127)) | I127: =IF(OR(C127="",H127=""),"",C127-H127) | J127: =IF(I127="","",IF(I127>=0.5,"⚠ переоценивает себя",IF(H127<3,"низкий уровень","")))
A128: РП-4 | B128: Определение перечня вовлеченных лиц и рамок проекта; создание рабочей группы для работы с пилотным потоком | C128: =IF('Оценки'!K128="","",'Оценки'!K128) | D128: =IF('Оценки'!C128="","",'Оценки'!C128) | E128: =IF(COUNT('Оценки'!D128:F128)=0,"",AVERAGE('Оценки'!D128:F128)) | F128: =IF(COUNT('Оценки'!G128:I128)=0,"",AVERAGE('Оценки'!G128:I128)) | G128: =IF('Оценки'!J128="","",'Оценки'!J128) | H128: =IF(COUNT(D128:G128)=0,"",AVERAGE(D128:G128)) | I128: =IF(OR(C128="",H128=""),"",C128-H128) | J128: =IF(I128="","",IF(I128>=0.5,"⚠ переоценивает себя",IF(H128<3,"низкий уровень","")))
A129: РП-4 | B129: Выявление степени готовности предприятия к изменениям | C129: =IF('Оценки'!K129="","",'Оценки'!K129) | D129: =IF('Оценки'!C129="","",'Оценки'!C129) | E129: =IF(COUNT('Оценки'!D129:F129)=0,"",AVERAGE('Оценки'!D129:F129)) | F129: =IF(COUNT('Оценки'!G129:I129)=0,"",AVERAGE('Оценки'!G129:I129)) | G129: =IF('Оценки'!J129="","",'Оценки'!J129) | H129: =IF(COUNT(D129:G129)=0,"",AVERAGE(D129:G129)) | I129: =IF(OR(C129="",H129=""),"",C129-H129) | J129: =IF(I129="","",IF(I129>=0.5,"⚠ переоценивает себя",IF(H129<3,"низкий уровень","")))
A130: РП-4 | B130: Составление плана ключевых событий | C130: =IF('Оценки'!K130="","",'Оценки'!K130) | D130: =IF('Оценки'!C130="","",'Оценки'!C130) | E130: =IF(COUNT('Оценки'!D130:F130)=0,"",AVERAGE('Оценки'!D130:F130)) | F130: =IF(COUNT('Оценки'!G130:I130)=0,"",AVERAGE('Оценки'!G130:I130)) | G130: =IF('Оценки'!J130="","",'Оценки'!J130) | H130: =IF(COUNT(D130:G130)=0,"",AVERAGE(D130:G130)) | I130: =IF(OR(C130="",H130=""),"",C130-H130) | J130: =IF(I130="","",IF(I130>=0.5,"⚠ переоценивает себя",IF(H130<3,"низкий уровень","")))
A131: РП-4 | B131: Разработка и корректировка плана мероприятий (основные этапы, сроки, ответственные) по достижению целевого состояния | C131: =IF('Оценки'!K131="","",'Оценки'!K131) | D131: =IF('Оценки'!C131="","",'Оценки'!C131) | E131: =IF(COUNT('Оценки'!D131:F131)=0,"",AVERAGE('Оценки'!D131:F131)) | F131: =IF(COUNT('Оценки'!G131:I131)=0,"",AVERAGE('Оценки'!G131:I131)) | G131: =IF('Оценки'!J131="","",'Оценки'!J131) | H131: =IF(COUNT(D131:G131)=0,"",AVERAGE(D131:G131)) | I131: =IF(OR(C131="",H131=""),"",C131-H131) | J131: =IF(I131="","",IF(I131>=0.5,"⚠ переоценивает себя",IF(H131<3,"низкий уровень","")))
A132: РП-4 | B132: Проведение анализа показателей проектов повышения производительности труда | C132: =IF('Оценки'!K132="","",'Оценки'!K132) | D132: =IF('Оценки'!C132="","",'Оценки'!C132) | E132: =IF(COUNT('Оценки'!D132:F132)=0,"",AVERAGE('Оценки'!D132:F132)) | F132: =IF(COUNT('Оценки'!G132:I132)=0,"",AVERAGE('Оценки'!G132:I132)) | G132: =IF('Оценки'!J132="","",'Оценки'!J132) | H132: =IF(COUNT(D132:G132)=0,"",AVERAGE(D132:G132)) | I132: =IF(OR(C132="",H132=""),"",C132-H132) | J132: =IF(I132="","",IF(I132>=0.5,"⚠ переоценивает себя",IF(H132<3,"низкий уровень","")))
... A157: РП-4 | B157: Ведение мониторинга проектов в подсистеме «Совместная работа» на ИТ-платформе | C157: =IF('Оценки'!K157="","",'Оценки'!K157) | D157: =IF('Оценки'!C157="","",'Оценки'!C157) | E157: =IF(COUNT('Оценки'!D157:F157)=0,"",AVERAGE('Оценки'!D157:F157)) | F157: =IF(COUNT('Оценки'!G157:I157)=0,"",AVERAGE('Оценки'!G157:I157)) | G157: =IF('Оценки'!J157="","",'Оценки'!J157) | H157: =IF(COUNT(D157:G157)=0,"",AVERAGE(D157:G157)) | I157: =IF(OR(C157="",H157=""),"",C157-H157) | J157: =IF(I157="","",IF(I157>=0.5,"⚠ переоценивает себя",IF(H157<3,"низкий уровень","")))
A158: РП-4 | B158: ИТОГО (среднее по всем компетенциям) | C158: =IF(COUNT(C121:C157)=0,"",AVERAGE(C121:C157)) | D158: =IF(COUNT(D121:D157)=0,"",AVERAGE(D121:D157)) | E158: =IF(COUNT(E121:E157)=0,"",AVERAGE(E121:E157)) | F158: =IF(COUNT(F121:F157)=0,"",AVERAGE(F121:F157)) | G158: =IF(COUNT(G121:G157)=0,"",AVERAGE(G121:G157)) | H158: =IF(COUNT(H121:H157)=0,"",AVERAGE(H121:H157)) | I158: =IF(OR(C158="",H158=""),"",C158-H158) | J158: =IF(I158="","",IF(I158>=0.5,"⚠ переоценивает себя",IF(H158<3,"низкий уровень","")))
A160: РП-5 | B160: Проведение оценки на соответствие предприятия обязательным критериям | C160: =IF('Оценки'!K160="","",'Оценки'!K160) | D160: =IF('Оценки'!C160="","",'Оценки'!C160) | E160: =IF(COUNT('Оценки'!D160:F160)=0,"",AVERAGE('Оценки'!D160:F160)) | F160: =IF(COUNT('Оценки'!G160:I160)=0,"",AVERAGE('Оценки'!G160:I160)) | G160: =IF('Оценки'!J160="","",'Оценки'!J160) | H160: =IF(COUNT(D160:G160)=0,"",AVERAGE(D160:G160)) | I160: =IF(OR(C160="",H160=""),"",C160-H160) | J160: =IF(I160="","",IF(I160>=0.5,"⚠ переоценивает себя",IF(H160<3,"низкий уровень","")))
A161: РП-5 | B161: Проведение оценки готовности руководства предприятия к участию в проекте (интервью) | C161: =IF('Оценки'!K161="","",'Оценки'!K161) | D161: =IF('Оценки'!C161="","",'Оценки'!C161) | E161: =IF(COUNT('Оценки'!D161:F161)=0,"",AVERAGE('Оценки'!D161:F161)) | F161: =IF(COUNT('Оценки'!G161:I161)=0,"",AVERAGE('Оценки'!G161:I161)) | G161: =IF('Оценки'!J161="","",'Оценки'!J161) | H161: =IF(COUNT(D161:G161)=0,"",AVERAGE(D161:G161)) | I161: =IF(OR(C161="",H161=""),"",C161-H161) | J161: =IF(I161="","",IF(I161>=0.5,"⚠ переоценивает себя",IF(H161<3,"низкий уровень","")))
A162: РП-5 | B162: Проведение визуальной оценки производственного процесса на предприятии (визит на площадку) | C162: =IF('Оценки'!K162="","",'Оценки'!K162) | D162: =IF('Оценки'!C162="","",'Оценки'!C162) | E162: =IF(COUNT('Оценки'!D162:F162)=0,"",AVERAGE('Оценки'!D162:F162)) | F162: =IF(COUNT('Оценки'!G162:I162)=0,"",AVERAGE('Оценки'!G162:I162)) | G162: =IF('Оценки'!J162="","",'Оценки'!J162) | H162: =IF(COUNT(D162:G162)=0,"",AVERAGE(D162:G162)) | I162: =IF(OR(C162="",H162=""),"",C162-H162) | J162: =IF(I162="","",IF(I162>=0.5,"⚠ переоценивает себя",IF(H162<3,"низкий уровень","")))
A163: РП-5 | B163: Вовлечение руководства предприятий в федеральный проект | C163: =IF('Оценки'!K163="","",'Оценки'!K163) | D163: =IF('Оценки'!C163="","",'Оценки'!C163) | E163: =IF(COUNT('Оценки'!D163:F163)=0,"",AVERAGE('Оценки'!D163:F163)) | F163: =IF(COUNT('Оценки'!G163:I163)=0,"",AVERAGE('Оценки'!G163:I163)) | G163: =IF('Оценки'!J163="","",'Оценки'!J163) | H163: =IF(COUNT(D163:G163)=0,"",AVERAGE(D163:G163)) | I163: =IF(OR(C163="",H163=""),"",C163-H163) | J163: =IF(I163="","",IF(I163>=0.5,"⚠ переоценивает себя",IF(H163<3,"низкий уровень","")))
A164: РП-5 | B164: Подписание соглашения о сотрудничестве между РЦК и предприятием | C164: =IF('Оценки'!K164="","",'Оценки'!K164) | D164: =IF('Оценки'!C164="","",'Оценки'!C164) | E164: =IF(COUNT('Оценки'!D164:F164)=0,"",AVERAGE('Оценки'!D164:F164)) | F164: =IF(COUNT('Оценки'!G164:I164)=0,"",AVERAGE('Оценки'!G164:I164)) | G164: =IF('Оценки'!J164="","",'Оценки'!J164) | H164: =IF(COUNT(D164:G164)=0,"",AVERAGE(D164:G164)) | I164: =IF(OR(C164="",H164=""),"",C164-H164) | J164: =IF(I164="","",IF(I164>=0.5,"⚠ переоценивает себя",IF(H164<3,"низкий уровень","")))
A165: РП-5 | B165: Реализация организационных вех программы | C165: =IF('Оценки'!K165="","",'Оценки'!K165) | D165: =IF('Оценки'!C165="","",'Оценки'!C165) | E165: =IF(COUNT('Оценки'!D165:F165)=0,"",AVERAGE('Оценки'!D165:F165)) | F165: =IF(COUNT('Оценки'!G165:I165)=0,"",AVERAGE('Оценки'!G165:I165)) | G165: =IF('Оценки'!J165="","",'Оценки'!J165) | H165: =IF(COUNT(D165:G165)=0,"",AVERAGE(D165:G165)) | I165: =IF(OR(C165="",H165=""),"",C165-H165) | J165: =IF(I165="","",IF(I165>=0.5,"⚠ переоценивает себя",IF(H165<3,"низкий уровень","")))
A166: РП-5 | B166: Формирование проектного офиса | C166: =IF('Оценки'!K166="","",'Оценки'!K166) | D166: =IF('Оценки'!C166="","",'Оценки'!C166) | E166: =IF(COUNT('Оценки'!D166:F166)=0,"",AVERAGE('Оценки'!D166:F166)) | F166: =IF(COUNT('Оценки'!G166:I166)=0,"",AVERAGE('Оценки'!G166:I166)) | G166: =IF('Оценки'!J166="","",'Оценки'!J166) | H166: =IF(COUNT(D166:G166)=0,"",AVERAGE(D166:G166)) | I166: =IF(OR(C166="",H166=""),"",C166-H166) | J166: =IF(I166="","",IF(I166>=0.5,"⚠ переоценивает себя",IF(H166<3,"низкий уровень","")))
A167: РП-5 | B167: Определение перечня вовлеченных лиц и рамок проекта; создание рабочей группы для работы с пилотным потоком | C167: =IF('Оценки'!K167="","",'Оценки'!K167) | D167: =IF('Оценки'!C167="","",'Оценки'!C167) | E167: =IF(COUNT('Оценки'!D167:F167)=0,"",AVERAGE('Оценки'!D167:F167)) | F167: =IF(COUNT('Оценки'!G167:I167)=0,"",AVERAGE('Оценки'!G167:I167)) | G167: =IF('Оценки'!J167="","",'Оценки'!J167) | H167: =IF(COUNT(D167:G167)=0,"",AVERAGE(D167:G167)) | I167: =IF(OR(C167="",H167=""),"",C167-H167) | J167: =IF(I167="","",IF(I167>=0.5,"⚠ переоценивает себя",IF(H167<3,"низкий уровень","")))
A168: РП-5 | B168: Выявление степени готовности предприятия к изменениям | C168: =IF('Оценки'!K168="","",'Оценки'!K168) | D168: =IF('Оценки'!C168="","",'Оценки'!C168) | E168: =IF(COUNT('Оценки'!D168:F168)=0,"",AVERAGE('Оценки'!D168:F168)) | F168: =IF(COUNT('Оценки'!G168:I168)=0,"",AVERAGE('Оценки'!G168:I168)) | G168: =IF('Оценки'!J168="","",'Оценки'!J168) | H168: =IF(COUNT(D168:G168)=0,"",AVERAGE(D168:G168)) | I168: =IF(OR(C168="",H168=""),"",C168-H168) | J168: =IF(I168="","",IF(I168>=0.5,"⚠ переоценивает себя",IF(H168<3,"низкий уровень","")))
A169: РП-5 | B169: Составление плана ключевых событий | C169: =IF('Оценки'!K169="","",'Оценки'!K169) | D169: =IF('Оценки'!C169="","",'Оценки'!C169) | E169: =IF(COUNT('Оценки'!D169:F169)=0,"",AVERAGE('Оценки'!D169:F169)) | F169: =IF(COUNT('Оценки'!G169:I169)=0,"",AVERAGE('Оценки'!G169:I169)) | G169: =IF('Оценки'!J169="","",'Оценки'!J169) | H169: =IF(COUNT(D169:G169)=0,"",AVERAGE(D169:G169)) | I169: =IF(OR(C169="",H169=""),"",C169-H169) | J169: =IF(I169="","",IF(I169>=0.5,"⚠ переоценивает себя",IF(H169<3,"низкий уровень","")))
A170: РП-5 | B170: Разработка и корректировка плана мероприятий (основные этапы, сроки, ответственные) по достижению целевого состояния | C170: =IF('Оценки'!K170="","",'Оценки'!K170) | D170: =IF('Оценки'!C170="","",'Оценки'!C170) | E170: =IF(COUNT('Оценки'!D170:F170)=0,"",AVERAGE('Оценки'!D170:F170)) | F170: =IF(COUNT('Оценки'!G170:I170)=0,"",AVERAGE('Оценки'!G170:I170)) | G170: =IF('Оценки'!J170="","",'Оценки'!J170) | H170: =IF(COUNT(D170:G170)=0,"",AVERAGE(D170:G170)) | I170: =IF(OR(C170="",H170=""),"",C170-H170) | J170: =IF(I170="","",IF(I170>=0.5,"⚠ переоценивает себя",IF(H170<3,"низкий уровень","")))
A171: РП-5 | B171: Проведение анализа показателей проектов повышения производительности труда | C171: =IF('Оценки'!K171="","",'Оценки'!K171) | D171: =IF('Оценки'!C171="","",'Оценки'!C171) | E171: =IF(COUNT('Оценки'!D171:F171)=0,"",AVERAGE('Оценки'!D171:F171)) | F171: =IF(COUNT('Оценки'!G171:I171)=0,"",AVERAGE('Оценки'!G171:I171)) | G171: =IF('Оценки'!J171="","",'Оценки'!J171) | H171: =IF(COUNT(D171:G171)=0,"",AVERAGE(D171:G171)) | I171: =IF(OR(C171="",H171=""),"",C171-H171) | J171: =IF(I171="","",IF(I171>=0.5,"⚠ переоценивает себя",IF(H171<3,"низкий уровень","")))
... A196: РП-5 | B196: Ведение мониторинга проектов в подсистеме «Совместная работа» на ИТ-платформе | C196: =IF('Оценки'!K196="","",'Оценки'!K196) | D196: =IF('Оценки'!C196="","",'Оценки'!C196) | E196: =IF(COUNT('Оценки'!D196:F196)=0,"",AVERAGE('Оценки'!D196:F196)) | F196: =IF(COUNT('Оценки'!G196:I196)=0,"",AVERAGE('Оценки'!G196:I196)) | G196: =IF('Оценки'!J196="","",'Оценки'!J196) | H196: =IF(COUNT(D196:G196)=0,"",AVERAGE(D196:G196)) | I196: =IF(OR(C196="",H196=""),"",C196-H196) | J196: =IF(I196="","",IF(I196>=0.5,"⚠ переоценивает себя",IF(H196<3,"низкий уровень","")))
A197: РП-5 | B197: ИТОГО (среднее по всем компетенциям) | C197: =IF(COUNT(C160:C196)=0,"",AVERAGE(C160:C196)) | D197: =IF(COUNT(D160:D196)=0,"",AVERAGE(D160:D196)) | E197: =IF(COUNT(E160:E196)=0,"",AVERAGE(E160:E196)) | F197: =IF(COUNT(F160:F196)=0,"",AVERAGE(F160:F196)) | G197: =IF(COUNT(G160:G196)=0,"",AVERAGE(G160:G196)) | H197: =IF(COUNT(H160:H196)=0,"",AVERAGE(H160:H196)) | I197: =IF(OR(C197="",H197=""),"",C197-H197) | J197: =IF(I197="","",IF(I197>=0.5,"⚠ переоценивает себя",IF(H197<3,"низкий уровень","")))
A199: РП-6 | B199: Проведение оценки на соответствие предприятия обязательным критериям | C199: =IF('Оценки'!K199="","",'Оценки'!K199) | D199: =IF('Оценки'!C199="","",'Оценки'!C199) | E199: =IF(COUNT('Оценки'!D199:F199)=0,"",AVERAGE('Оценки'!D199:F199)) | F199: =IF(COUNT('Оценки'!G199:I199)=0,"",AVERAGE('Оценки'!G199:I199)) | G199: =IF('Оценки'!J199="","",'Оценки'!J199) | H199: =IF(COUNT(D199:G199)=0,"",AVERAGE(D199:G199)) | I199: =IF(OR(C199="",H199=""),"",C199-H199) | J199: =IF(I199="","",IF(I199>=0.5,"⚠ переоценивает себя",IF(H199<3,"низкий уровень","")))
A200: РП-6 | B200: Проведение оценки готовности руководства предприятия к участию в проекте (интервью) | C200: =IF('Оценки'!K200="","",'Оценки'!K200) | D200: =IF('Оценки'!C200="","",'Оценки'!C200) | E200: =IF(COUNT('Оценки'!D200:F200)=0,"",AVERAGE('Оценки'!D200:F200)) | F200: =IF(COUNT('Оценки'!G200:I200)=0,"",AVERAGE('Оценки'!G200:I200)) | G200: =IF('Оценки'!J200="","",'Оценки'!J200) | H200: =IF(COUNT(D200:G200)=0,"",AVERAGE(D200:G200)) | I200: =IF(OR(C200="",H200=""),"",C200-H200) | J200: =IF(I200="","",IF(I200>=0.5,"⚠ переоценивает себя",IF(H200<3,"низкий уровень","")))
A201: РП-6 | B201: Проведение визуальной оценки производственного процесса на предприятии (визит на площадку) | C201: =IF('Оценки'!K201="","",'Оценки'!K201) | D201: =IF('Оценки'!C201="","",'Оценки'!C201) | E201: =IF(COUNT('Оценки'!D201:F201)=0,"",AVERAGE('Оценки'!D201:F201)) | F201: =IF(COUNT('Оценки'!G201:I201)=0,"",AVERAGE('Оценки'!G201:I201)) | G201: =IF('Оценки'!J201="","",'Оценки'!J201) | H201: =IF(COUNT(D201:G201)=0,"",AVERAGE(D201:G201)) | I201: =IF(OR(C201="",H201=""),"",C201-H201) | J201: =IF(I201="","",IF(I201>=0.5,"⚠ переоценивает себя",IF(H201<3,"низкий уровень","")))
A202: РП-6 | B202: Вовлечение руководства предприятий в федеральный проект | C202: =IF('Оценки'!K202="","",'Оценки'!K202) | D202: =IF('Оценки'!C202="","",'Оценки'!C202) | E202: =IF(COUNT('Оценки'!D202:F202)=0,"",AVERAGE('Оценки'!D202:F202)) | F202: =IF(COUNT('Оценки'!G202:I202)=0,"",AVERAGE('Оценки'!G202:I202)) | G202: =IF('Оценки'!J202="","",'Оценки'!J202) | H202: =IF(COUNT(D202:G202)=0,"",AVERAGE(D202:G202)) | I202: =IF(OR(C202="",H202=""),"",C202-H202) | J202: =IF(I202="","",IF(I202>=0.5,"⚠ переоценивает себя",IF(H202<3,"низкий уровень","")))
A203: РП-6 | B203: Подписание соглашения о сотрудничестве между РЦК и предприятием | C203: =IF('Оценки'!K203="","",'Оценки'!K203) | D203: =IF('Оценки'!C203="","",'Оценки'!C203) | E203: =IF(COUNT('Оценки'!D203:F203)=0,"",AVERAGE('Оценки'!D203:F203)) | F203: =IF(COUNT('Оценки'!G203:I203)=0,"",AVERAGE('Оценки'!G203:I203)) | G203: =IF('Оценки'!J203="","",'Оценки'!J203) | H203: =IF(COUNT(D203:G203)=0,"",AVERAGE(D203:G203)) | I203: =IF(OR(C203="",H203=""),"",C203-H203) | J203: =IF(I203="","",IF(I203>=0.5,"⚠ переоценивает себя",IF(H203<3,"низкий уровень","")))
A204: РП-6 | B204: Реализация организационных вех программы | C204: =IF('Оценки'!K204="","",'Оценки'!K204) | D204: =IF('Оценки'!C204="","",'Оценки'!C204) | E204: =IF(COUNT('Оценки'!D204:F204)=0,"",AVERAGE('Оценки'!D204:F204)) | F204: =IF(COUNT('Оценки'!G204:I204)=0,"",AVERAGE('Оценки'!G204:I204)) | G204: =IF('Оценки'!J204="","",'Оценки'!J204) | H204: =IF(COUNT(D204:G204)=0,"",AVERAGE(D204:G204)) | I204: =IF(OR(C204="",H204=""),"",C204-H204) | J204: =IF(I204="","",IF(I204>=0.5,"⚠ переоценивает себя",IF(H204<3,"низкий уровень","")))
A205: РП-6 | B205: Формирование проектного офиса | C205: =IF('Оценки'!K205="","",'Оценки'!K205) | D205: =IF('Оценки'!C205="","",'Оценки'!C205) | E205: =IF(COUNT('Оценки'!D205:F205)=0,"",AVERAGE('Оценки'!D205:F205)) | F205: =IF(COUNT('Оценки'!G205:I205)=0,"",AVERAGE('Оценки'!G205:I205)) | G205: =IF('Оценки'!J205="","",'Оценки'!J205) | H205: =IF(COUNT(D205:G205)=0,"",AVERAGE(D205:G205)) | I205: =IF(OR(C205="",H205=""),"",C205-H205) | J205: =IF(I205="","",IF(I205>=0.5,"⚠ переоценивает себя",IF(H205<3,"низкий уровень","")))
A206: РП-6 | B206: Определение перечня вовлеченных лиц и рамок проекта; создание рабочей группы для работы с пилотным потоком | C206: =IF('Оценки'!K206="","",'Оценки'!K206) | D206: =IF('Оценки'!C206="","",'Оценки'!C206) | E206: =IF(COUNT('Оценки'!D206:F206)=0,"",AVERAGE('Оценки'!D206:F206)) | F206: =IF(COUNT('Оценки'!G206:I206)=0,"",AVERAGE('Оценки'!G206:I206)) | G206: =IF('Оценки'!J206="","",'Оценки'!J206) | H206: =IF(COUNT(D206:G206)=0,"",AVERAGE(D206:G206)) | I206: =IF(OR(C206="",H206=""),"",C206-H206) | J206: =IF(I206="","",IF(I206>=0.5,"⚠ переоценивает себя",IF(H206<3,"низкий уровень","")))
A207: РП-6 | B207: Выявление степени готовности предприятия к изменениям | C207: =IF('Оценки'!K207="","",'Оценки'!K207) | D207: =IF('Оценки'!C207="","",'Оценки'!C207) | E207: =IF(COUNT('Оценки'!D207:F207)=0,"",AVERAGE('Оценки'!D207:F207)) | F207: =IF(COUNT('Оценки'!G207:I207)=0,"",AVERAGE('Оценки'!G207:I207)) | G207: =IF('Оценки'!J207="","",'Оценки'!J207) | H207: =IF(COUNT(D207:G207)=0,"",AVERAGE(D207:G207)) | I207: =IF(OR(C207="",H207=""),"",C207-H207) | J207: =IF(I207="","",IF(I207>=0.5,"⚠ переоценивает себя",IF(H207<3,"низкий уровень","")))
A208: РП-6 | B208: Составление плана ключевых событий | C208: =IF('Оценки'!K208="","",'Оценки'!K208) | D208: =IF('Оценки'!C208="","",'Оценки'!C208) | E208: =IF(COUNT('Оценки'!D208:F208)=0,"",AVERAGE('Оценки'!D208:F208)) | F208: =IF(COUNT('Оценки'!G208:I208)=0,"",AVERAGE('Оценки'!G208:I208)) | G208: =IF('Оценки'!J208="","",'Оценки'!J208) | H208: =IF(COUNT(D208:G208)=0,"",AVERAGE(D208:G208)) | I208: =IF(OR(C208="",H208=""),"",C208-H208) | J208: =IF(I208="","",IF(I208>=0.5,"⚠ переоценивает себя",IF(H208<3,"низкий уровень","")))
A209: РП-6 | B209: Разработка и корректировка плана мероприятий (основные этапы, сроки, ответственные) по достижению целевого состояния | C209: =IF('Оценки'!K209="","",'Оценки'!K209) | D209: =IF('Оценки'!C209="","",'Оценки'!C209) | E209: =IF(COUNT('Оценки'!D209:F209)=0,"",AVERAGE('Оценки'!D209:F209)) | F209: =IF(COUNT('Оценки'!G209:I209)=0,"",AVERAGE('Оценки'!G209:I209)) | G209: =IF('Оценки'!J209="","",'Оценки'!J209) | H209: =IF(COUNT(D209:G209)=0,"",AVERAGE(D209:G209)) | I209: =IF(OR(C209="",H209=""),"",C209-H209) | J209: =IF(I209="","",IF(I209>=0.5,"⚠ переоценивает себя",IF(H209<3,"низкий уровень","")))
A210: РП-6 | B210: Проведение анализа показателей проектов повышения производительности труда | C210: =IF('Оценки'!K210="","",'Оценки'!K210) | D210: =IF('Оценки'!C210="","",'Оценки'!C210) | E210: =IF(COUNT('Оценки'!D210:F210)=0,"",AVERAGE('Оценки'!D210:F210)) | F210: =IF(COUNT('Оценки'!G210:I210)=0,"",AVERAGE('Оценки'!G210:I210)) | G210: =IF('Оценки'!J210="","",'Оценки'!J210) | H210: =IF(COUNT(D210:G210)=0,"",AVERAGE(D210:G210)) | I210: =IF(OR(C210="",H210=""),"",C210-H210) | J210: =IF(I210="","",IF(I210>=0.5,"⚠ переоценивает себя",IF(H210<3,"низкий уровень","")))
... A235: РП-6 | B235: Ведение мониторинга проектов в подсистеме «Совместная работа» на ИТ-платформе | C235: =IF('Оценки'!K235="","",'Оценки'!K235) | D235: =IF('Оценки'!C235="","",'Оценки'!C235) | E235: =IF(COUNT('Оценки'!D235:F235)=0,"",AVERAGE('Оценки'!D235:F235)) | F235: =IF(COUNT('Оценки'!G235:I235)=0,"",AVERAGE('Оценки'!G235:I235)) | G235: =IF('Оценки'!J235="","",'Оценки'!J235) | H235: =IF(COUNT(D235:G235)=0,"",AVERAGE(D235:G235)) | I235: =IF(OR(C235="",H235=""),"",C235-H235) | J235: =IF(I235="","",IF(I235>=0.5,"⚠ переоценивает себя",IF(H235<3,"низкий уровень","")))
A236: РП-6 | B236: ИТОГО (среднее по всем компетенциям) | C236: =IF(COUNT(C199:C235)=0,"",AVERAGE(C199:C235)) | D236: =IF(COUNT(D199:D235)=0,"",AVERAGE(D199:D235)) | E236: =IF(COUNT(E199:E235)=0,"",AVERAGE(E199:E235)) | F236: =IF(COUNT(F199:F235)=0,"",AVERAGE(F199:F235)) | G236: =IF(COUNT(G199:G235)=0,"",AVERAGE(G199:G235)) | H236: =IF(COUNT(H199:H235)=0,"",AVERAGE(H199:H235)) | I236: =IF(OR(C236="",H236=""),"",C236-H236) | J236: =IF(I236="","",IF(I236>=0.5,"⚠ переоценивает себя",IF(H236<3,"низкий уровень","")))
A238: РП-7 | B238: Проведение оценки на соответствие предприятия обязательным критериям | C238: =IF('Оценки'!K238="","",'Оценки'!K238) | D238: =IF('Оценки'!C238="","",'Оценки'!C238) | E238: =IF(COUNT('Оценки'!D238:F238)=0,"",AVERAGE('Оценки'!D238:F238)) | F238: =IF(COUNT('Оценки'!G238:I238)=0,"",AVERAGE('Оценки'!G238:I238)) | G238: =IF('Оценки'!J238="","",'Оценки'!J238) | H238: =IF(COUNT(D238:G238)=0,"",AVERAGE(D238:G238)) | I238: =IF(OR(C238="",H238=""),"",C238-H238) | J238: =IF(I238="","",IF(I238>=0.5,"⚠ переоценивает себя",IF(H238<3,"низкий уровень","")))
A239: РП-7 | B239: Проведение оценки готовности руководства предприятия к участию в проекте (интервью) | C239: =IF('Оценки'!K239="","",'Оценки'!K239) | D239: =IF('Оценки'!C239="","",'Оценки'!C239) | E239: =IF(COUNT('Оценки'!D239:F239)=0,"",AVERAGE('Оценки'!D239:F239)) | F239: =IF(COUNT('Оценки'!G239:I239)=0,"",AVERAGE('Оценки'!G239:I239)) | G239: =IF('Оценки'!J239="","",'Оценки'!J239) | H239: =IF(COUNT(D239:G239)=0,"",AVERAGE(D239:G239)) | I239: =IF(OR(C239="",H239=""),"",C239-H239) | J239: =IF(I239="","",IF(I239>=0.5,"⚠ переоценивает себя",IF(H239<3,"низкий уровень","")))
A240: РП-7 | B240: Проведение визуальной оценки производственного процесса на предприятии (визит на площадку) | C240: =IF('Оценки'!K240="","",'Оценки'!K240) | D240: =IF('Оценки'!C240="","",'Оценки'!C240) | E240: =IF(COUNT('Оценки'!D240:F240)=0,"",AVERAGE('Оценки'!D240:F240)) | F240: =IF(COUNT('Оценки'!G240:I240)=0,"",AVERAGE('Оценки'!G240:I240)) | G240: =IF('Оценки'!J240="","",'Оценки'!J240) | H240: =IF(COUNT(D240:G240)=0,"",AVERAGE(D240:G240)) | I240: =IF(OR(C240="",H240=""),"",C240-H240) | J240: =IF(I240="","",IF(I240>=0.5,"⚠ переоценивает себя",IF(H240<3,"низкий уровень","")))
A241: РП-7 | B241: Вовлечение руководства предприятий в федеральный проект | C241: =IF('Оценки'!K241="","",'Оценки'!K241) | D241: =IF('Оценки'!C241="","",'Оценки'!C241) | E241: =IF(COUNT('Оценки'!D241:F241)=0,"",AVERAGE('Оценки'!D241:F241)) | F241: =IF(COUNT('Оценки'!G241:I241)=0,"",AVERAGE('Оценки'!G241:I241)) | G241: =IF('Оценки'!J241="","",'Оценки'!J241) | H241: =IF(COUNT(D241:G241)=0,"",AVERAGE(D241:G241)) | I241: =IF(OR(C241="",H241=""),"",C241-H241) | J241: =IF(I241="","",IF(I241>=0.5,"⚠ переоценивает себя",IF(H241<3,"низкий уровень","")))
A242: РП-7 | B242: Подписание соглашения о сотрудничестве между РЦК и предприятием | C242: =IF('Оценки'!K242="","",'Оценки'!K242) | D242: =IF('Оценки'!C242="","",'Оценки'!C242) | E242: =IF(COUNT('Оценки'!D242:F242)=0,"",AVERAGE('Оценки'!D242:F242)) | F242: =IF(COUNT('Оценки'!G242:I242)=0,"",AVERAGE('Оценки'!G242:I242)) | G242: =IF('Оценки'!J242="","",'Оценки'!J242) | H242: =IF(COUNT(D242:G242)=0,"",AVERAGE(D242:G242)) | I242: =IF(OR(C242="",H242=""),"",C242-H242) | J242: =IF(I242="","",IF(I242>=0.5,"⚠ переоценивает себя",IF(H242<3,"низкий уровень","")))
A243: РП-7 | B243: Реализация организационных вех программы | C243: =IF('Оценки'!K243="","",'Оценки'!K243) | D243: =IF('Оценки'!C243="","",'Оценки'!C243) | E243: =IF(COUNT('Оценки'!D243:F243)=0,"",AVERAGE('Оценки'!D243:F243)) | F243: =IF(COUNT('Оценки'!G243:I243)=0,"",AVERAGE('Оценки'!G243:I243)) | G243: =IF('Оценки'!J243="","",'Оценки'!J243) | H243: =IF(COUNT(D243:G243)=0,"",AVERAGE(D243:G243)) | I243: =IF(OR(C243="",H243=""),"",C243-H243) | J243: =IF(I243="","",IF(I243>=0.5,"⚠ переоценивает себя",IF(H243<3,"низкий уровень","")))
A244: РП-7 | B244: Формирование проектного офиса | C244: =IF('Оценки'!K244="","",'Оценки'!K244) | D244: =IF('Оценки'!C244="","",'Оценки'!C244) | E244: =IF(COUNT('Оценки'!D244:F244)=0,"",AVERAGE('Оценки'!D244:F244)) | F244: =IF(COUNT('Оценки'!G244:I244)=0,"",AVERAGE('Оценки'!G244:I244)) | G244: =IF('Оценки'!J244="","",'Оценки'!J244) | H244: =IF(COUNT(D244:G244)=0,"",AVERAGE(D244:G244)) | I244: =IF(OR(C244="",H244=""),"",C244-H244) | J244: =IF(I244="","",IF(I244>=0.5,"⚠ переоценивает себя",IF(H244<3,"низкий уровень","")))
A245: РП-7 | B245: Определение перечня вовлеченных лиц и рамок проекта; создание рабочей группы для работы с пилотным потоком | C245: =IF('Оценки'!K245="","",'Оценки'!K245) | D245: =IF('Оценки'!C245="","",'Оценки'!C245) | E245: =IF(COUNT('Оценки'!D245:F245)=0,"",AVERAGE('Оценки'!D245:F245)) | F245: =IF(COUNT('Оценки'!G245:I245)=0,"",AVERAGE('Оценки'!G245:I245)) | G245: =IF('Оценки'!J245="","",'Оценки'!J245) | H245: =IF(COUNT(D245:G245)=0,"",AVERAGE(D245:G245)) | I245: =IF(OR(C245="",H245=""),"",C245-H245) | J245: =IF(I245="","",IF(I245>=0.5,"⚠ переоценивает себя",IF(H245<3,"низкий уровень","")))
A246: РП-7 | B246: Выявление степени готовности предприятия к изменениям | C246: =IF('Оценки'!K246="","",'Оценки'!K246) | D246: =IF('Оценки'!C246="","",'Оценки'!C246) | E246: =IF(COUNT('Оценки'!D246:F246)=0,"",AVERAGE('Оценки'!D246:F246)) | F246: =IF(COUNT('Оценки'!G246:I246)=0,"",AVERAGE('Оценки'!G246:I246)) | G246: =IF('Оценки'!J246="","",'Оценки'!J246) | H246: =IF(COUNT(D246:G246)=0,"",AVERAGE(D246:G246)) | I246: =IF(OR(C246="",H246=""),"",C246-H246) | J246: =IF(I246="","",IF(I246>=0.5,"⚠ переоценивает себя",IF(H246<3,"низкий уровень","")))
A247: РП-7 | B247: Составление плана ключевых событий | C247: =IF('Оценки'!K247="","",'Оценки'!K247) | D247: =IF('Оценки'!C247="","",'Оценки'!C247) | E247: =IF(COUNT('Оценки'!D247:F247)=0,"",AVERAGE('Оценки'!D247:F247)) | F247: =IF(COUNT('Оценки'!G247:I247)=0,"",AVERAGE('Оценки'!G247:I247)) | G247: =IF('Оценки'!J247="","",'Оценки'!J247) | H247: =IF(COUNT(D247:G247)=0,"",AVERAGE(D247:G247)) | I247: =IF(OR(C247="",H247=""),"",C247-H247) | J247: =IF(I247="","",IF(I247>=0.5,"⚠ переоценивает себя",IF(H247<3,"низкий уровень","")))
A248: РП-7 | B248: Разработка и корректировка плана мероприятий (основные этапы, сроки, ответственные) по достижению целевого состояния | C248: =IF('Оценки'!K248="","",'Оценки'!K248) | D248: =IF('Оценки'!C248="","",'Оценки'!C248) | E248: =IF(COUNT('Оценки'!D248:F248)=0,"",AVERAGE('Оценки'!D248:F248)) | F248: =IF(COUNT('Оценки'!G248:I248)=0,"",AVERAGE('Оценки'!G248:I248)) | G248: =IF('Оценки'!J248="","",'Оценки'!J248) | H248: =IF(COUNT(D248:G248)=0,"",AVERAGE(D248:G248)) | I248: =IF(OR(C248="",H248=""),"",C248-H248) | J248: =IF(I248="","",IF(I248>=0.5,"⚠ переоценивает себя",IF(H248<3,"низкий уровень","")))
A249: РП-7 | B249: Проведение анализа показателей проектов повышения производительности труда | C249: =IF('Оценки'!K249="","",'Оценки'!K249) | D249: =IF('Оценки'!C249="","",'Оценки'!C249) | E249: =IF(COUNT('Оценки'!D249:F249)=0,"",AVERAGE('Оценки'!D249:F249)) | F249: =IF(COUNT('Оценки'!G249:I249)=0,"",AVERAGE('Оценки'!G249:I249)) | G249: =IF('Оценки'!J249="","",'Оценки'!J249) | H249: =IF(COUNT(D249:G249)=0,"",AVERAGE(D249:G249)) | I249: =IF(OR(C249="",H249=""),"",C249-H249) | J249: =IF(I249="","",IF(I249>=0.5,"⚠ переоценивает себя",IF(H249<3,"низкий уровень","")))
... A274: РП-7 | B274: Ведение мониторинга проектов в подсистеме «Совместная работа» на ИТ-платформе | C274: =IF('Оценки'!K274="","",'Оценки'!K274) | D274: =IF('Оценки'!C274="","",'Оценки'!C274) | E274: =IF(COUNT('Оценки'!D274:F274)=0,"",AVERAGE('Оценки'!D274:F274)) | F274: =IF(COUNT('Оценки'!G274:I274)=0,"",AVERAGE('Оценки'!G274:I274)) | G274: =IF('Оценки'!J274="","",'Оценки'!J274) | H274: =IF(COUNT(D274:G274)=0,"",AVERAGE(D274:G274)) | I274: =IF(OR(C274="",H274=""),"",C274-H274) | J274: =IF(I274="","",IF(I274>=0.5,"⚠ переоценивает себя",IF(H274<3,"низкий уровень","")))
...

Sheet План развития
A1: ПЛАН РАЗВИТИЯ СОТРУДНИКА РЦК (формат — приложение № 6 МР; заполняется после встречи, на основе «Сводки»)
A2: Уровни по шкале 360: 1–5 (см. «Инструкцию»). Для профессиональных инструментов (картирование, 5С, производственный анализ и др.) МР (приложение № 6) использует шкалу 0,0–3,0 с шагом 0,5: 0,0 — не соответствует требованиям; 0,5 — начальный уровень; 1,0 — большей частью не соответствует; 1,5 — большей частью соответствует; 2,0 — полностью соответствует; 2,5 — по некоторым направлениям превосходит; 3,0 — превосходит требования. Целевой уровень по итогам развития — не ниже 1,5 (МР). С планом ознакомлены: сотрудник РЦК, наставник, руководитель РЦК (подписи и даты).
A3: Сотрудник РЦК (ФИО) | B3: Направление работы в РЦК | C3: Компетенция (результат 360: низкий балл / разрыв) | D3: Уровень на старте (по 360) | E3: Целевой уровень | F3: Мероприятия развития (обучение, стажировка, практика, наставничество) | G3: Наставник (РП ФЦК / РЦК) | H3: Срок | I3: Оценка (факт) | J3: Статус
A4: Смирнов А. П. (ПРИМЕР) | B4: (например: Оптимизация потоков и процессов) | C4: Проведение оценки на соответствие предприятия обязательным критериям: разрыв «себя − другие» = 1.3 (себя 5.0; другие 3.7) | D4: 3.7 | E4: 5.0 | F4: Практика на площадке под наблюдением наставника (2–3 применения навыка), методический разбор с наставником, защита презентации результата; при необходимости — обучение (программы «Академии производительности») | G4: (ФИО РП ФЦК / РЦК) | H4: к концу квартала | J4: план
